"","-3sd","-2sd","-1sd","Mean","+1sd","+2sd","+3sd"
"AL",0.00449999999999995,0.00680000000000003,0.0104,0.0157,0.0238,0.0359,0.0538
"BA",1,1,1,0.9999,0,0,0
"GR",0.00119999999999998,0.005,0.0206,0.0810999999999999,0.2697,0.6072,0.8661
"HR",0.0185999999999999,0.0103,0.00570000000000004,0.00309999999999999,0.00170000000000003,0.000900000000000012,0.000499999999999945
"RS",1,1,1,1,1,9.9999999999989e-05,0
"RU",0.3126,0.1998,0.1206,0.07,0.0397,0.0222,0.0123
"SI",NA,NA,NA,NA,NA,NA,NA
"TR",NA,NA,NA,NA,NA,NA,NA
"UA",NA,NA,NA,NA,NA,NA,NA
